{
	"pages": [ //pages数组中第一项表示应用启动页，参考：https://uniapp.dcloud.io/collocation/pages
		{
			"path": "pages/index/index",
			"style": {
				"navigationStyle": "custom"
			}
		},{
			"path":"pages/menu/menu",
			"style":{
				"navigationBarBackgroundColor":"#F8F8F8",
				"navigationBarTextStyle":"black",
				"navigationBarTitleText":"厦园﹒饮"
			}
		},{
			"path":"pages/take-foods/take-foods",
			"style":{
				"navigationBarBackgroundColor":"#F8F8F8",
				"navigationBarTextStyle":"black",
				"navigationBarTitleText":"厦园﹒饮"
			}
		}
		
	],
	"globalStyle": {
		"navigationBarTextStyle": "black",
		"navigationBarTitleText": "uni-app",
		"navigationBarBackgroundColor": "#F8F8F8",
		"backgroundColor": "#F8F8F8"
	},
	"tabBar":{
		"color":"#919293",
		"selectedColor":"#0D2F6E",
		"backgroundColor":"#FFF",
		"borderStyle":"black",
		"list":[
			{
				"pagePath":"pages/index/index",
				"text":"首页",
				"iconPath":"static/images/tabBar/index.png",
				"selectedIconPath":"static/images/tabBar/index_selected.png"
			},{
				"pagePath":"pages/menu/menu",
				"text":"点餐",
				"iconPath":"static/images/tabBar/drink.png",
				"selectedIconPath":"static/images/tabBar/drink_selected.png"
			},{
				"pagePath":"pages/take-foods/take-foods",
				"text":"取餐",
				"iconPath":"static/images/tabBar/take.png",
				"selectedIconPath":"static/images/tabBar/take_selected.png"
			}
		]
	}
}
